idRegistration, startTime, idValueType, value
10221, 2026-09-03T19:00:00Z, 8, 3.2
40237, 2026-09-03T19:00:00Z, 8, 3.8
40238, 2026-09-03T19:00:00Z, 8, 73.6
40244, 2026-09-03T19:00:00Z, 8, 73.4
40257, 2026-09-03T19:00:00Z, 8, 4.0
40259, 2026-09-03T19:00:00Z, 8, 8.8
40260, 2026-09-03T19:00:00Z, 8, 10.1
40261, 2026-09-03T19:00:00Z, 8, 6.3
40279, 2026-09-03T19:00:00Z, 8, 2.9
40281, 2026-09-03T19:00:00Z, 8, 3.3
40282, 2026-09-03T19:00:00Z, 8, 332.0
40283, 2026-09-03T19:00:00Z, 8, 73.2
40284, 2026-09-03T19:00:00Z, 8, 3.8
40285, 2026-09-03T19:00:00Z, 8, 6.1
40288, 2026-09-03T19:00:00Z, 8, 5.5
40308, 2026-09-03T19:00:00Z, 8, 7.7
40309, 2026-09-03T19:00:00Z, 8, 71.0
40310, 2026-09-03T19:00:00Z, 8, 8.6
40311, 2026-09-03T19:00:00Z, 8, 6.0
40316, 2026-09-03T19:00:00Z, 8, 8.5
40331, 2026-09-03T19:00:00Z, 8, 3.4
40338, 2026-09-03T19:00:00Z, 8, 1.3
40340, 2026-09-03T19:00:00Z, 8, 4.4
40341, 2026-09-03T19:00:00Z, 8, 80.6
40342, 2026-09-03T19:00:00Z, 8, 5.2
40343, 2026-09-03T19:00:00Z, 8, 12.7
40352, 2026-09-03T19:00:00Z, 8, 5.9
40354, 2026-09-03T19:00:00Z, 8, 69.8
40355, 2026-09-03T19:00:00Z, 8, 6.1
40356, 2026-09-03T19:00:00Z, 8, 11.9
40369, 2026-09-03T19:00:00Z, 8, 2.8
40406, 2026-09-03T19:00:00Z, 8, 5.6
40408, 2026-09-03T19:00:00Z, 8, 5.9
40410, 2026-09-03T19:00:00Z, 8, 87.0
40411, 2026-09-03T19:00:00Z, 8, 6.1
40412, 2026-09-03T19:00:00Z, 8, 3.5
40419, 2026-09-03T19:00:00Z, 8, 4.3
40448, 2026-09-03T19:00:00Z, 8, 12.6
40450, 2026-09-03T19:00:00Z, 8, 14.2
40451, 2026-09-03T19:00:00Z, 8, 7.2
40507, 2026-09-03T19:00:00Z, 8, 78.2
40522, 2026-09-03T19:00:00Z, 8, 3.6
40528, 2026-09-03T19:00:00Z, 6, -5003.0
40530, 2026-09-03T19:00:00Z, 6, -5003.0
40532, 2026-09-03T19:00:00Z, 8, 37.7
40533, 2026-09-03T19:00:00Z, 6, -5003.0
40534, 2026-09-03T19:00:00Z, 8, 7.6
40541, 2026-09-03T19:00:00Z, 8, 2.8
40542, 2026-09-03T19:00:00Z, 8, 1.3
40544, 2026-09-03T19:00:00Z, 8, 2.5
40545, 2026-09-03T19:00:00Z, 8, 65.4
40546, 2026-09-03T19:00:00Z, 8, 4.0
40555, 2026-09-03T19:00:00Z, 8, 2.7
40557, 2026-09-03T19:00:00Z, 8, 24.9
40559, 2026-09-03T19:00:00Z, 8, 62.0
40560, 2026-09-03T19:00:00Z, 8, 25.6
40561, 2026-09-03T19:00:00Z, 8, 20.5
40604, 2026-09-03T19:00:00Z, 8, 3.2
40606, 2026-09-03T19:00:00Z, 8, 30.6
40607, 2026-09-03T19:00:00Z, 8, 32.9
40608, 2026-09-03T19:00:00Z, 8, 14.5
40614, 2026-09-03T19:00:00Z, 8, 17.2
40615, 2026-09-03T19:00:00Z, 8, 17.8
40616, 2026-09-03T19:00:00Z, 8, 9.7
40626, 2026-09-03T19:00:00Z, 8, 25.0
40630, 2026-09-03T19:00:00Z, 8, 1.3
40632, 2026-09-03T19:00:00Z, 8, 24.3
40634, 2026-09-03T19:00:00Z, 8, 25.6
40635, 2026-09-03T19:00:00Z, 8, 15.0
40649, 2026-09-03T19:00:00Z, 8, 5.1
40651, 2026-09-03T19:00:00Z, 8, 9.9
40652, 2026-09-03T19:00:00Z, 8, 12.8
40653, 2026-09-03T19:00:00Z, 8, 12.2
40657, 2026-09-03T19:00:00Z, 8, 19.5
40658, 2026-09-03T19:00:00Z, 8, 5.3
40660, 2026-09-03T19:00:00Z, 8, 9.6
40661, 2026-09-03T19:00:00Z, 8, 42.9
40662, 2026-09-03T19:00:00Z, 8, 11.1
40663, 2026-09-03T19:00:00Z, 8, 16.3
40686, 2026-09-03T19:00:00Z, 8, 2.9
40690, 2026-09-03T19:00:00Z, 8, 42.9
40692, 2026-09-03T19:00:00Z, 8, 27.8
40693, 2026-09-03T19:00:00Z, 8, 3.7
40695, 2026-09-03T19:00:00Z, 8, 2.1
40696, 2026-09-03T19:00:00Z, 8, 74.2
40697, 2026-09-03T19:00:00Z, 8, 2.3
40698, 2026-09-03T19:00:00Z, 8, 9.5
40708, 2026-09-03T19:00:00Z, 8, 63.0
40712, 2026-09-03T19:00:00Z, 8, 1.36
40714, 2026-09-03T19:00:00Z, 8, 0.82
40715, 2026-09-03T19:00:00Z, 8, 57.7
40716, 2026-09-03T19:00:00Z, 8, 1.11
40721, 2026-09-03T19:00:00Z, 8, 64.2
40736, 2026-09-03T19:00:00Z, 8, 3.2
40738, 2026-09-03T19:00:00Z, 8, 5.9
40740, 2026-09-03T19:00:00Z, 8, 59.1
40741, 2026-09-03T19:00:00Z, 8, 6.9
40742, 2026-09-03T19:00:00Z, 8, 9.0
40743, 2026-09-03T19:00:00Z, 8, 2.4
40744, 2026-09-03T19:00:00Z, 8, 1.3
40746, 2026-09-03T19:00:00Z, 8, 7.8
40748, 2026-09-03T19:00:00Z, 8, 53.9
40749, 2026-09-03T19:00:00Z, 8, 9.6
40750, 2026-09-03T19:00:00Z, 8, 7.1
40764, 2026-09-03T19:00:00Z, 8, 78.8
40771, 2026-09-03T19:00:00Z, 8, 72.8
40792, 2026-09-03T19:00:00Z, 8, 1.3
40794, 2026-09-03T19:00:00Z, 8, 17.8
40795, 2026-09-03T19:00:00Z, 8, 67.2
40796, 2026-09-03T19:00:00Z, 8, 19.7
40797, 2026-09-03T19:00:00Z, 8, 2.0
40798, 2026-09-03T19:00:00Z, 8, 8.4
40799, 2026-09-03T19:00:00Z, 8, 77.8
40805, 2026-09-03T19:00:00Z, 8, 15.5
40815, 2026-09-03T19:00:00Z, 8, 108.9
40817, 2026-09-03T19:00:00Z, 8, 1.3
40819, 2026-09-03T19:00:00Z, 8, 4.0
40820, 2026-09-03T19:00:00Z, 8, 87.2
40821, 2026-09-03T19:00:00Z, 8, 4.0
40822, 2026-09-03T19:00:00Z, 8, 13.0
40835, 2026-09-03T19:00:00Z, 8, 1.6
40837, 2026-09-03T19:00:00Z, 8, 2.37
40838, 2026-09-03T19:00:00Z, 8, 142.0
40839, 2026-09-03T19:00:00Z, 8, 79.2
40840, 2026-09-03T19:00:00Z, 8, 2.47
40841, 2026-09-03T19:00:00Z, 8, 2.4
40845, 2026-09-03T19:00:00Z, 8, 78.0
40848, 2026-09-03T19:00:00Z, 8, 3.7
40851, 2026-09-03T19:00:00Z, 8, 13.0
40852, 2026-09-03T19:00:00Z, 8, 358.0
40853, 2026-09-03T19:00:00Z, 8, 14.5
40854, 2026-09-03T19:00:00Z, 8, 2.7
40878, 2026-09-03T19:00:00Z, 8, 62.0
40880, 2026-09-03T19:00:00Z, 8, 14.9
40885, 2026-09-03T19:00:00Z, 8, 11.8
40902, 2026-09-03T19:00:00Z, 8, 1.0
40904, 2026-09-03T19:00:00Z, 8, 65.8
40905, 2026-09-03T19:00:00Z, 8, 2.5
40918, 2026-09-03T19:00:00Z, 8, 86.4
40920, 2026-09-03T19:00:00Z, 8, 7.8
40992, 2026-09-03T19:00:00Z, 8, 3.7
40994, 2026-09-03T19:00:00Z, 8, 50.7
40996, 2026-09-03T19:00:00Z, 8, 57.0
40997, 2026-09-03T19:00:00Z, 8, 7.7
41007, 2026-09-03T19:00:00Z, 8, 1.0
41008, 2026-09-03T19:00:00Z, 8, 1.3
41010, 2026-09-03T19:00:00Z, 8, 5.0
41012, 2026-09-03T19:00:00Z, 8, 5.5
41028, 2026-09-03T19:00:00Z, 8, 5.4
41029, 2026-09-03T19:00:00Z, 8, 6.1
41030, 2026-09-03T19:00:00Z, 8, 4.8
41037, 2026-09-03T19:00:00Z, 8, 77.8
41043, 2026-09-03T19:00:00Z, 8, 69.0
41045, 2026-09-03T19:00:00Z, 8, 3.8
41050, 2026-09-03T19:00:00Z, 8, 1.0
41056, 2026-09-03T19:00:00Z, 8, 3.5
41058, 2026-09-03T19:00:00Z, 8, 3.3
41059, 2026-09-03T19:00:00Z, 8, 4.2
41060, 2026-09-03T19:00:00Z, 8, 1.0
41090, 2026-09-03T19:00:00Z, 8, 2.9
41093, 2026-09-03T19:00:00Z, 8, 72.6
41095, 2026-09-03T19:00:00Z, 8, 5.8
41101, 2026-09-03T19:00:00Z, 8, 5.5
41139, 2026-09-03T19:00:00Z, 8, 2.7
41140, 2026-09-03T19:00:00Z, 8, 2.7
41141, 2026-09-03T19:00:00Z, 8, 7.8
41144, 2026-09-03T19:00:00Z, 8, 22.4
41145, 2026-09-03T19:00:00Z, 8, 20.9
41146, 2026-09-03T19:00:00Z, 8, 13.8
41151, 2026-09-03T19:00:00Z, 8, 10.0
41156, 2026-09-03T19:00:00Z, 6, -5000.0
41157, 2026-09-03T19:00:00Z, 6, -5000.0
41158, 2026-09-03T19:00:00Z, 8, 329.0
41171, 2026-09-03T19:00:00Z, 8, 68.8
41172, 2026-09-03T19:00:00Z, 8, 456.641
41179, 2026-09-03T19:00:00Z, 8, 5.7
41180, 2026-09-03T19:00:00Z, 8, 7.0
41181, 2026-09-03T19:00:00Z, 8, 3.6
41182, 2026-09-03T19:00:00Z, 8, 4.2
41224, 2026-09-03T19:00:00Z, 8, 1.3
41226, 2026-09-03T19:00:00Z, 8, 15.5
41227, 2026-09-03T19:00:00Z, 8, 15.1
41228, 2026-09-03T19:00:00Z, 8, 18.6
41229, 2026-09-03T19:00:00Z, 8, 22.0
41236, 2026-09-03T19:00:00Z, 8, 4.9
41237, 2026-09-03T19:00:00Z, 8, 13.2
41238, 2026-09-03T19:00:00Z, 8, 11.5
41241, 2026-09-03T19:00:00Z, 8, 67.8
41242, 2026-09-03T19:00:00Z, 8, 7.7
41248, 2026-09-03T19:00:00Z, 8, 18.3
41249, 2026-09-03T19:00:00Z, 8, 65.2
41251, 2026-09-03T19:00:00Z, 8, 14.5
41252, 2026-09-03T19:00:00Z, 8, 12.2
151340, 2026-09-03T19:00:00Z, 8, 102.5
188512, 2026-09-03T19:00:00Z, 8, 15.2
188518, 2026-09-03T19:00:00Z, 8, 7.3
188521, 2026-09-03T19:00:00Z, 8, 8.2
188524, 2026-09-03T19:00:00Z, 8, 75.6
188527, 2026-09-03T19:00:00Z, 8, 7.3
188601, 2026-09-03T19:00:00Z, 8, 19.1
188604, 2026-09-03T19:00:00Z, 8, 14.7
188652, 2026-09-03T19:00:00Z, 8, 1.3
188658, 2026-09-03T19:00:00Z, 8, 3.6
188661, 2026-09-03T19:00:00Z, 8, 3.4
188667, 2026-09-03T19:00:00Z, 8, 94.0
194111, 2026-09-03T19:00:00Z, 8, 13.0
194114, 2026-09-03T19:00:00Z, 8, 17.0
194125, 2026-09-03T19:00:00Z, 8, 8.5
199772, 2026-09-03T19:00:00Z, 8, 53.1
200399, 2026-09-03T19:00:00Z, 8, 66.0
200402, 2026-09-03T19:00:00Z, 8, 113.8
200405, 2026-09-03T19:00:00Z, 8, 390.0
212828, 2026-09-03T19:00:00Z, 8, 16.8
212831, 2026-09-03T19:00:00Z, 8, 15.9
212840, 2026-09-03T19:00:00Z, 8, 5.9
248573, 2026-09-03T19:00:00Z, 8, 76.6
496448, 2026-09-03T19:00:00Z, 8, 151.44
765847, 2026-09-03T19:00:00Z, 8, 82.4
765857, 2026-09-03T19:00:00Z, 8, 6.5
765861, 2026-09-03T19:00:00Z, 8, 3.1
765865, 2026-09-03T19:00:00Z, 8, 4.0
783575, 2026-09-03T19:00:00Z, 8, 9.8
783579, 2026-09-03T19:00:00Z, 8, 13.0
783591, 2026-09-03T19:00:00Z, 8, 6.1
848786, 2026-09-03T19:00:00Z, 8, 67.2
849536, 2026-09-03T19:00:00Z, 8, 13.2
849544, 2026-09-03T19:00:00Z, 8, 18.3
867316, 2026-09-03T19:00:00Z, 8, 1.0
867319, 2026-09-03T19:00:00Z, 8, 6.5
867322, 2026-09-03T19:00:00Z, 8, 1.0
867416, 2026-09-03T19:00:00Z, 8, 6.4
867419, 2026-09-03T19:00:00Z, 8, 3.6
867884, 2026-09-03T19:00:00Z, 8, 6.6
919418, 2026-09-03T19:00:00Z, 8, 39.2
919422, 2026-09-03T19:00:00Z, 8, 43.0
919426, 2026-09-03T19:00:00Z, 8, 9.7
919430, 2026-09-03T19:00:00Z, 8, 29.1
987035, 2026-09-03T19:00:00Z, 8, 6.7
1005645, 2026-09-03T19:00:00Z, 8, 344.0
1020981, 2026-09-03T19:00:00Z, 6, -5003.0
1021177, 2026-09-03T19:00:00Z, 6, -5003.0
1021183, 2026-09-03T19:00:00Z, 6, -5003.0
1022029, 2026-09-03T19:00:00Z, 8, 3.6
1022033, 2026-09-03T19:00:00Z, 8, 3.8
1022058, 2026-09-03T19:00:00Z, 8, 1.3
1022070, 2026-09-03T19:00:00Z, 8, 14.9
1022074, 2026-09-03T19:00:00Z, 8, 16.1
1101832, 2026-09-03T19:00:00Z, 8, 4.8
1101836, 2026-09-03T19:00:00Z, 8, 5.4
1101840, 2026-09-03T19:00:00Z, 8, 77.6
1101844, 2026-09-03T19:00:00Z, 8, 10.0
1193925, 2026-09-03T19:00:00Z, 8, 26.6
1193929, 2026-09-03T19:00:00Z, 8, 27.0
1193933, 2026-09-03T19:00:00Z, 8, 60.2
1193937, 2026-09-03T19:00:00Z, 8, 13.8
1283298, 2026-09-03T19:00:00Z, 8, 3.4
1316708, 2026-09-03T19:00:00Z, 8, 8.9
1317399, 2026-09-03T19:00:00Z, 8, 6.5
1317403, 2026-09-03T19:00:00Z, 8, 7.1
1317407, 2026-09-03T19:00:00Z, 8, 2.7
1337358, 2026-09-03T19:00:00Z, 8, 10.7
1337363, 2026-09-03T19:00:00Z, 8, 3.7
1337378, 2026-09-03T19:00:00Z, 8, 2.7
1337478, 2026-09-03T19:00:00Z, 8, 3.8
1337482, 2026-09-03T19:00:00Z, 8, 2.6
1337502, 2026-09-03T19:00:00Z, 8, 7.6
1337515, 2026-09-03T19:00:00Z, 8, 1.0
1365749, 2026-09-03T19:00:00Z, 8, 4.7
1365769, 2026-09-03T19:00:00Z, 8, 19.9
1366118, 2026-09-03T19:00:00Z, 8, 4.8
1366434, 2026-09-03T19:00:00Z, 8, 4.1
1366443, 2026-09-03T19:00:00Z, 8, 12.3
1366482, 2026-09-03T19:00:00Z, 8, 1.3
1366490, 2026-09-03T19:00:00Z, 8, 4.2
1366494, 2026-09-03T19:00:00Z, 8, 5.4
1366498, 2026-09-03T19:00:00Z, 8, 68.8
1366805, 2026-09-03T19:00:00Z, 8, 8.2
1366813, 2026-09-03T19:00:00Z, 8, 3.6
1367168, 2026-09-03T19:00:00Z, 8, 1.3
1367180, 2026-09-03T19:00:00Z, 8, 5.9
1367184, 2026-09-03T19:00:00Z, 8, 5.4
1367188, 2026-09-03T19:00:00Z, 8, 83.0
1367192, 2026-09-03T19:00:00Z, 8, 5.7
1367196, 2026-09-03T19:00:00Z, 8, 1.0
1367303, 2026-09-03T19:00:00Z, 8, 1.3
1367307, 2026-09-03T19:00:00Z, 8, 82.0
1368848, 2026-09-03T19:00:00Z, 8, 16.1
1368852, 2026-09-03T19:00:00Z, 8, 2.6
1368992, 2026-09-03T19:00:00Z, 8, 7.6
1368996, 2026-09-03T19:00:00Z, 8, 11.0
1369004, 2026-09-03T19:00:00Z, 8, 1.3
1369012, 2026-09-03T19:00:00Z, 8, 6.1
1369016, 2026-09-03T19:00:00Z, 8, 6.3
1369020, 2026-09-03T19:00:00Z, 8, 98.4
1369059, 2026-09-03T19:00:00Z, 8, 32.7
1369063, 2026-09-03T19:00:00Z, 8, 9.4
1369240, 2026-09-03T19:00:00Z, 8, 15.4
1369244, 2026-09-03T19:00:00Z, 8, 6.5
1369608, 2026-09-03T19:00:00Z, 8, 3.3
1369660, 2026-09-03T19:00:00Z, 6, -5003.0
1369672, 2026-09-03T19:00:00Z, 6, -5003.0
1369676, 2026-09-03T19:00:00Z, 6, -5003.0
1369680, 2026-09-03T19:00:00Z, 8, 8.1
1369684, 2026-09-03T19:00:00Z, 8, 1.0
1369845, 2026-09-03T19:00:00Z, 8, 16.3
1369849, 2026-09-03T19:00:00Z, 8, 17.2
1369853, 2026-09-03T19:00:00Z, 8, 28.0
1369857, 2026-09-03T19:00:00Z, 8, 6.5
1379502, 2026-09-03T19:00:00Z, 6, -5003.0
1379517, 2026-09-03T19:00:00Z, 6, -5003.0
1379522, 2026-09-03T19:00:00Z, 6, -5003.0
1379526, 2026-09-03T19:00:00Z, 8, 8.6
1379531, 2026-09-03T19:00:00Z, 8, 16.8
1379567, 2026-09-03T19:00:00Z, 8, 7.3
1379571, 2026-09-03T19:00:00Z, 8, 17.4
1410468, 2026-09-03T19:00:00Z, 8, 5.4
1410474, 2026-09-03T19:00:00Z, 8, 5.5
1410479, 2026-09-03T19:00:00Z, 8, 48.0
1456892, 2026-09-03T19:00:00Z, 8, 5.4
1456898, 2026-09-03T19:00:00Z, 8, 6.3
1456903, 2026-09-03T19:00:00Z, 8, 4.0
1502270, 2026-09-03T19:00:00Z, 8, 1.3
1503270, 2026-09-03T19:00:00Z, 8, 72.2
1503280, 2026-09-03T19:00:00Z, 8, 5.7
1503284, 2026-09-03T19:00:00Z, 8, 3.1
1505800, 2026-09-03T19:00:00Z, 8, 170.0
1508645, 2026-09-03T19:00:00Z, 8, 2.7
1508652, 2026-09-03T19:00:00Z, 8, 2.9
1508659, 2026-09-03T19:00:00Z, 8, 6.7
1508667, 2026-09-03T19:00:00Z, 8, 1.0
1555918, 2026-09-03T19:00:00Z, 8, 16.6
1632205, 2026-09-03T19:00:00Z, 8, 3.54
1632218, 2026-09-03T19:00:00Z, 8, 3.19
1632225, 2026-09-03T19:00:00Z, 8, 3.9
1635658, 2026-09-03T19:00:00Z, 8, 10.3
1635663, 2026-09-03T19:00:00Z, 8, 12.6
1636281, 2026-09-03T19:00:00Z, 8, 1.3
1648286, 2026-09-03T19:00:00Z, 148, 3.0
1648295, 2026-09-03T19:00:00Z, 148, 4.0
1648316, 2026-09-03T19:00:00Z, 148, 3.0
1648319, 2026-09-03T19:00:00Z, 148, 3.0
1648325, 2026-09-03T19:00:00Z, 148, 3.0
1648334, 2026-09-03T19:00:00Z, 148, 3.0
1648352, 2026-09-03T19:00:00Z, 148, 3.0
1648355, 2026-09-03T19:00:00Z, 148, 3.0
1648358, 2026-09-03T19:00:00Z, 148, 2.0
1648361, 2026-09-03T19:00:00Z, 148, 3.0
1648370, 2026-09-03T19:00:00Z, 148, 3.0
1648373, 2026-09-03T19:00:00Z, 148, 3.0
1648376, 2026-09-03T19:00:00Z, 148, 3.0
1648379, 2026-09-03T19:00:00Z, 148, 3.0
1648385, 2026-09-03T19:00:00Z, 148, 3.0
1648391, 2026-09-03T19:00:00Z, 148, 3.0
1648406, 2026-09-03T19:00:00Z, 148, 3.0
1648409, 2026-09-03T19:00:00Z, 148, 3.0
1648412, 2026-09-03T19:00:00Z, 148, 3.0
1648424, 2026-09-03T19:00:00Z, 148, 3.0
1648430, 2026-09-03T19:00:00Z, 148, 3.0
1648433, 2026-09-03T19:00:00Z, 148, 3.0
1648442, 2026-09-03T19:00:00Z, 148, 2.0
1648451, 2026-09-03T19:00:00Z, 148, 3.0
1648454, 2026-09-03T19:00:00Z, 148, 3.0
1648457, 2026-09-03T19:00:00Z, 148, 3.0
1648463, 2026-09-03T19:00:00Z, 148, 0.0
1648466, 2026-09-03T19:00:00Z, 148, 2.0
1648478, 2026-09-03T19:00:00Z, 148, 3.0
1648502, 2026-09-03T19:00:00Z, 148, 3.0
1648511, 2026-09-03T19:00:00Z, 148, 3.0
1648514, 2026-09-03T19:00:00Z, 148, 3.0
1648517, 2026-09-03T19:00:00Z, 148, 3.0
1648520, 2026-09-03T19:00:00Z, 148, 3.0
1648568, 2026-09-03T19:00:00Z, 148, 3.0
1648571, 2026-09-03T19:00:00Z, 148, 3.0
1648574, 2026-09-03T19:00:00Z, 148, 0.0
1648586, 2026-09-03T19:00:00Z, 148, 2.0
1648592, 2026-09-03T19:00:00Z, 148, 3.0
1648595, 2026-09-03T19:00:00Z, 148, 2.0
1648598, 2026-09-03T19:00:00Z, 148, 3.0
1648610, 2026-09-03T19:00:00Z, 148, 3.0
1648616, 2026-09-03T19:00:00Z, 148, 3.0
1648619, 2026-09-03T19:00:00Z, 148, 3.0
1648634, 2026-09-03T19:00:00Z, 148, 3.0
1648646, 2026-09-03T19:00:00Z, 148, 3.0
1648664, 2026-09-03T19:00:00Z, 148, 3.0
1648673, 2026-09-03T19:00:00Z, 148, 3.0
1648685, 2026-09-03T19:00:00Z, 148, 3.0
1648691, 2026-09-03T19:00:00Z, 148, 3.0
1648694, 2026-09-03T19:00:00Z, 148, 0.0
1648700, 2026-09-03T19:00:00Z, 148, 3.0
1648703, 2026-09-03T19:00:00Z, 148, 3.0
1648706, 2026-09-03T19:00:00Z, 148, 2.0
1648715, 2026-09-03T19:00:00Z, 148, 3.0
1648733, 2026-09-03T19:00:00Z, 148, 4.0
1648736, 2026-09-03T19:00:00Z, 148, 3.0
1648760, 2026-09-03T19:00:00Z, 148, 3.0
1648763, 2026-09-03T19:00:00Z, 148, 2.0
1648781, 2026-09-03T19:00:00Z, 148, 3.0
1648790, 2026-09-03T19:00:00Z, 148, 3.0
1648793, 2026-09-03T19:00:00Z, 148, 3.0
1648814, 2026-09-03T19:00:00Z, 148, 3.0
1648820, 2026-09-03T19:00:00Z, 148, 3.0
1648829, 2026-09-03T19:00:00Z, 148, 3.0
1648835, 2026-09-03T19:00:00Z, 148, 3.0
1648838, 2026-09-03T19:00:00Z, 148, 3.0
1648856, 2026-09-03T19:00:00Z, 148, 3.0
1648862, 2026-09-03T19:00:00Z, 148, 3.0
1648892, 2026-09-03T19:00:00Z, 148, 3.0
1648895, 2026-09-03T19:00:00Z, 148, 2.0
1648898, 2026-09-03T19:00:00Z, 148, 3.0
1648907, 2026-09-03T19:00:00Z, 148, 3.0
1648928, 2026-09-03T19:00:00Z, 148, 3.0
1648931, 2026-09-03T19:00:00Z, 148, 3.0
1648937, 2026-09-03T19:00:00Z, 148, 3.0
1648943, 2026-09-03T19:00:00Z, 148, 3.0
1648955, 2026-09-03T19:00:00Z, 148, 2.0
1648958, 2026-09-03T19:00:00Z, 148, 3.0
1648964, 2026-09-03T19:00:00Z, 148, 2.0
1648970, 2026-09-03T19:00:00Z, 148, 3.0
1648973, 2026-09-03T19:00:00Z, 148, 2.0
1648976, 2026-09-03T19:00:00Z, 148, 3.0
1648985, 2026-09-03T19:00:00Z, 148, 4.0
1648997, 2026-09-03T19:00:00Z, 148, 3.0
1649018, 2026-09-03T19:00:00Z, 148, 3.0
1649021, 2026-09-03T19:00:00Z, 148, 3.0
1649030, 2026-09-03T19:00:00Z, 148, 2.0
1649039, 2026-09-03T19:00:00Z, 148, 2.0
1659400, 2026-09-03T19:00:00Z, 8, 6.1
1659405, 2026-09-03T19:00:00Z, 8, 3.8
1668652, 2026-09-03T19:00:00Z, 8, 10.9
1668661, 2026-09-03T19:00:00Z, 8, 13.0
1668670, 2026-09-03T19:00:00Z, 8, 2.9
1668680, 2026-09-03T19:00:00Z, 8, 8.9
1675257, 2026-09-03T19:00:00Z, 8, 38.3
1696550, 2026-09-03T19:00:00Z, 8, 66.0
1730632, 2026-09-03T19:00:00Z, 8, 1.5
1730640, 2026-09-03T19:00:00Z, 8, 4.0
1802139, 2026-09-03T19:00:00Z, 8, 131.634
1802155, 2026-09-03T19:00:00Z, 8, 5.7
1802160, 2026-09-03T19:00:00Z, 8, 7.8
1802164, 2026-09-03T19:00:00Z, 8, 69.2
1802168, 2026-09-03T19:00:00Z, 8, 4.2
1802207, 2026-09-03T19:00:00Z, 148, 2.0
1845613, 2026-09-03T19:00:00Z, 8, 4.3
2053466, 2026-09-03T19:00:00Z, 8, 136.0
2053504, 2026-09-03T19:00:00Z, 8, 23.9
2053515, 2026-09-03T19:00:00Z, 8, 29.3
2053526, 2026-09-03T19:00:00Z, 8, 9.8
2053536, 2026-09-03T19:00:00Z, 8, 10.3
2053564, 2026-09-03T19:00:00Z, 8, 1.3
2105547, 2026-09-03T19:00:00Z, 8, 9.9
2105558, 2026-09-03T19:00:00Z, 8, 3.9
2140455, 2026-09-03T19:00:00Z, 8, 3.4
2140459, 2026-09-03T19:00:00Z, 8, 3.8
2140463, 2026-09-03T19:00:00Z, 8, 106.9
2140479, 2026-09-03T19:00:00Z, 8, 4.8
2180883, 2026-09-03T19:00:00Z, 8, 168.0
2180919, 2026-09-03T19:00:00Z, 8, 9.6
2180923, 2026-09-03T19:00:00Z, 8, 11.3
2180935, 2026-09-03T19:00:00Z, 8, 47.1
2180939, 2026-09-03T19:00:00Z, 8, 12.1
2180943, 2026-09-03T19:00:00Z, 8, 16.2
2180947, 2026-09-03T19:00:00Z, 8, 1.3
2181585, 2026-09-03T19:00:00Z, 8, 13.4
2181589, 2026-09-03T19:00:00Z, 8, 9.0
2181593, 2026-09-03T19:00:00Z, 8, 42.3
2181601, 2026-09-03T19:00:00Z, 8, 5.5
2181605, 2026-09-03T19:00:00Z, 8, 3.6
2181609, 2026-09-03T19:00:00Z, 8, 1.3
2181672, 2026-09-03T19:00:00Z, 8, 6.4
2181676, 2026-09-03T19:00:00Z, 8, 4.2
2187304, 2026-09-03T19:00:00Z, 8, 7.0
2187315, 2026-09-03T19:00:00Z, 8, 4.5
2200581, 2026-09-03T19:00:00Z, 8, 1.3
