KÛd ADM;KÛd obce;N·zev obce;KÛd MOMC;N·zev MOMC;KÛd obvodu Prahy;N·zev obvodu Prahy;KÛd Ë·sti obce;N·zev Ë·sti obce;KÛd ulice;N·zev ulice;Typ SO;»Ìslo domovnÌ;»Ìslo orientaËnÌ;Znak ËÌsla orientaËnÌho;PS»;Sou¯adnice Y;Sou¯adnice X;PlatÌ Od
1380061;532053;Kladno;;;;;65161;DubÌ;209791;Kudrnova;Ë.p.;1;;;27203;762148.71;1033673.43;2013-11-29T00:00:00
1380079;532053;Kladno;;;;;65161;DubÌ;209791;Kudrnova;Ë.p.;2;;;27203;762121.18;1033642.65;2013-11-29T00:00:00
1380087;532053;Kladno;;;;;65161;DubÌ;209732;Kralupsk·;Ë.p.;3;;;27203;762081.28;1033429.22;2013-11-29T00:00:00
1380095;532053;Kladno;;;;;65161;DubÌ;209732;Kralupsk·;Ë.p.;4;;;27203;762103.30;1033403.69;2013-11-29T00:00:00
1380109;532053;Kladno;;;;;65161;DubÌ;208957;Ininova;Ë.p.;5;;;27203;762137.62;1033286.79;2013-11-29T00:00:00
1380117;532053;Kladno;;;;;65161;DubÌ;208957;Ininova;Ë.p.;6;;;27203;762099.20;1033327.39;2013-11-29T00:00:00
1380125;532053;Kladno;;;;;65161;DubÌ;209732;Kralupsk·;Ë.p.;7;;;27203;762029.40;1033294.09;2013-11-29T00:00:00
1380133;532053;Kladno;;;;;65161;DubÌ;209732;Kralupsk·;Ë.p.;8;;;27203;762027.40;1033304.80;2013-11-29T00:00:00
1380141;532053;Kladno;;;;;65161;DubÌ;209732;Kralupsk·;Ë.p.;9;;;27203;762016.80;1033346.05;2013-11-29T00:00:00
1380150;532053;Kladno;;;;;65161;DubÌ;207811;A. Kouly;Ë.p.;10;;;27203;761975.95;1033352.23;2013-11-29T00:00:00
1380168;532053;Kladno;;;;;65161;DubÌ;208868;HradËansk·;Ë.p.;11;;;27203;761981.34;1033384.77;2013-11-29T00:00:00
1380176;532053;Kladno;;;;;65161;DubÌ;208957;Ininova;Ë.p.;12;;;27203;762020.89;1033403.27;2013-11-29T00:00:00
1380184;532053;Kladno;;;;;65161;DubÌ;208957;Ininova;Ë.p.;13;;;27203;761986.64;1033428.88;2020-02-28T00:00:00
1380192;532053;Kladno;;;;;65161;DubÌ;209911;LesnÌ;Ë.p.;14;;;27203;761953.88;1033474.58;2013-11-29T00:00:00
1380206;532053;Kladno;;;;;65161;DubÌ;209911;LesnÌ;Ë.p.;15;;;27203;761940.86;1033456.97;2013-11-29T00:00:00
1380214;532053;Kladno;;;;;65161;DubÌ;208957;Ininova;Ë.p.;16;;;27203;761979.64;1033492.85;2013-11-29T00:00:00
1380222;532053;Kladno;;;;;65161;DubÌ;209961;Lidick·;Ë.p.;17;;;27203;762056.41;1033457.48;2013-11-29T00:00:00
1380231;532053;Kladno;;;;;65161;DubÌ;209732;Kralupsk·;Ë.p.;18;;;27203;762135.99;1033440.31;2013-11-29T00:00:00
1380249;532053;Kladno;;;;;65161;DubÌ;209732;Kralupsk·;Ë.p.;19;;;27203;762148.94;1033453.69;2013-11-29T00:00:00
1380257;532053;Kladno;;;;;65161;DubÌ;209732;Kralupsk·;Ë.p.;20;;;27203;762159.35;1033476.16;2013-11-29T00:00:00
1380265;532053;Kladno;;;;;65161;DubÌ;209961;Lidick·;Ë.p.;21;;;27203;762102.33;1033475.69;2024-03-13T00:00:00
1380273;532053;Kladno;;;;;65161;DubÌ;211702;äaldova;Ë.p.;22;;;27203;762168.63;1033441.13;2013-11-29T00:00:00
1380281;532053;Kladno;;;;;65161;DubÌ;208868;HradËansk·;Ë.p.;23;;;27203;761971.08;1033396.35;2013-11-29T00:00:00
1380290;532053;Kladno;;;;;65161;DubÌ;209961;Lidick·;Ë.p.;24;;;27203;761941.07;1033487.31;2014-02-07T00:00:00
1380303;532053;Kladno;;;;;65161;DubÌ;209961;Lidick·;Ë.p.;25;;;27203;761924.59;1033518.20;2013-11-29T00:00:00
1380311;532053;Kladno;;;;;65161;DubÌ;208868;HradËansk·;Ë.p.;26;;;27203;761963.93;1033375.88;2013-11-29T00:00:00
1380320;532053;Kladno;;;;;65161;DubÌ;1985191;U Kaötanu;Ë.p.;27;;;27203;761928.39;1033467.10;2017-01-10T00:00:00
1380354;532053;Kladno;;;;;65161;DubÌ;211150;Raisova;Ë.p.;30;;;27203;762167.95;1033393.20;2013-11-29T00:00:00
1380397;532053;Kladno;;;;;65161;DubÌ;;;Ë.p.;34;;;27203;762389.00;1033984.91;2020-10-07T00:00:00
1380435;532053;Kladno;;;;;65161;DubÌ;209171;J·nsk·;Ë.p.;39;;;27203;761861.13;1033493.96;2013-11-29T00:00:00
1380486;532053;Kladno;;;;;65161;DubÌ;212121;V. Marönera;Ë.p.;44;;;27203;761793.82;1033532.86;2013-11-29T00:00:00
1380559;532053;Kladno;;;;;65161;DubÌ;208183;BuötÏhradsk·;Ë.p.;51;;;27203;761570.90;1033516.55;2013-11-29T00:00:00
1381172;532053;Kladno;;;;;65161;DubÌ;208647;FriËova;Ë.p.;113;;;27203;762112.38;1033339.19;2013-11-29T00:00:00
1381440;532053;Kladno;;;;;65161;DubÌ;210234;MoËidlansk·;Ë.p.;140;;;27203;761955.55;1032825.44;2013-11-29T00:00:00
1381512;532053;Kladno;;;;;65161;DubÌ;212415;VojtÏösk·;Ë.p.;147;;;27203;762347.91;1033433.38;2013-11-29T00:00:00
1381539;532053;Kladno;;;;;65161;DubÌ;208817;Hlohov·;Ë.p.;149;;;27203;762266.45;1033453.27;2013-11-29T00:00:00
1381741;532053;Kladno;;;;;65161;DubÌ;209945;Libuöina;Ë.p.;172;;;27203;762318.11;1033246.40;2025-12-01T00:00:00
1381890;532053;Kladno;;;;;65161;DubÌ;207896;An˝ûova;Ë.p.;187;;;27203;762003.37;1033584.59;2013-11-29T00:00:00
1382136;532053;Kladno;;;;;65161;DubÌ;209104;Jan·Ëkova;Ë.p.;211;;;27203;762005.21;1032931.95;2013-11-29T00:00:00
1382233;532053;Kladno;;;;;65161;DubÌ;208850;HorymÌrova;Ë.p.;226;;;27203;762084.89;1032839.94;2013-11-29T00:00:00
1387537;532053;Kladno;;;;;65170;Vrapice;212652;Vrapick·;Ë.p.;1;;;27203;759745.45;1031672.85;2013-11-29T00:00:00
1387545;532053;Kladno;;;;;65170;Vrapice;212652;Vrapick·;Ë.p.;2;;;27203;759776.99;1031673.49;2013-11-29T00:00:00
1387553;532053;Kladno;;;;;65170;Vrapice;212652;Vrapick·;Ë.p.;3;;;27203;759808.67;1031674.73;2013-11-29T00:00:00
1387561;532053;Kladno;;;;;65170;Vrapice;212652;Vrapick·;Ë.p.;4;;;27203;759840.64;1031676.20;2013-11-29T00:00:00
1387570;532053;Kladno;;;;;65170;Vrapice;212652;Vrapick·;Ë.p.;5;;;27203;759872.54;1031677.52;2013-11-29T00:00:00
1387588;532053;Kladno;;;;;65170;Vrapice;209228;Jind¯ichova;Ë.p.;6;;;27203;759905.87;1031641.81;2013-11-29T00:00:00
1387596;532053;Kladno;;;;;65170;Vrapice;209228;Jind¯ichova;Ë.p.;7;;;27203;759874.09;1031640.19;2013-11-29T00:00:00
1387600;532053;Kladno;;;;;65170;Vrapice;209228;Jind¯ichova;Ë.p.;8;;;27203;759842.06;1031639.59;2013-11-29T00:00:00
1387618;532053;Kladno;;;;;65170;Vrapice;209228;Jind¯ichova;Ë.p.;9;;;27203;759809.82;1031639.36;2013-11-29T00:00:00
1387626;532053;Kladno;;;;;65170;Vrapice;209228;Jind¯ichova;Ë.p.;10;;;27203;759778.46;1031637.44;2013-11-29T00:00:00
1387634;532053;Kladno;;;;;65170;Vrapice;209228;Jind¯ichova;Ë.p.;11;;;27203;759746.25;1031636.41;2013-11-29T00:00:00
1387642;532053;Kladno;;;;;65170;Vrapice;208582;Fr. Kouby;Ë.p.;12;;;27203;759747.49;1031596.35;2013-11-29T00:00:00
1387651;532053;Kladno;;;;;65170;Vrapice;208582;Fr. Kouby;Ë.p.;13;;;27203;759907.82;1031602.27;2013-11-29T00:00:00
1387669;532053;Kladno;;;;;65170;Vrapice;208426;Dvorsk·;Ë.p.;14;;;27203;759400.58;1031903.78;2013-11-29T00:00:00
1387677;532053;Kladno;;;;;65170;Vrapice;208426;Dvorsk·;Ë.p.;15;;;27203;759399.40;1031833.05;2013-11-29T00:00:00
1387685;532053;Kladno;;;;;65170;Vrapice;208426;Dvorsk·;Ë.p.;16;;;27203;759404.85;1031876.64;2013-11-29T00:00:00
1387693;532053;Kladno;;;;;65170;Vrapice;208426;Dvorsk·;Ë.p.;17;;;27203;759387.96;1031933.90;2013-11-29T00:00:00
1387707;532053;Kladno;;;;;65170;Vrapice;212652;Vrapick·;Ë.p.;18;;;27203;759527.03;1031647.73;2013-11-29T00:00:00
1387715;532053;Kladno;;;;;65170;Vrapice;212652;Vrapick·;Ë.p.;19;;;27203;760687.71;1031892.24;2013-11-29T00:00:00
1387731;532053;Kladno;;;;;65170;Vrapice;208256;»SD-str·ûnÌ domek;Ë.p.;21;;;27203;761057.03;1031766.33;2013-11-29T00:00:00
1387740;532053;Kladno;;;;;65170;Vrapice;208426;Dvorsk·;Ë.p.;22;;;27203;759413.62;1031697.10;2013-11-29T00:00:00
1387766;532053;Kladno;;;;;65170;Vrapice;212652;Vrapick·;Ë.p.;24;;;27203;760489.61;1031825.98;2013-11-29T00:00:00
1387774;532053;Kladno;;;;;65170;Vrapice;208426;Dvorsk·;Ë.p.;25;;;27203;759404.94;1031894.84;2013-11-29T00:00:00
1387782;532053;Kladno;;;;;65170;Vrapice;212652;Vrapick·;Ë.p.;26;;;27203;760400.41;1031746.69;2013-11-29T00:00:00
1387791;532053;Kladno;;;;;65170;Vrapice;208019;BoËnÌ;Ë.p.;27;;;27203;759991.66;1031614.76;2013-11-29T00:00:00
1387812;532053;Kladno;;;;;65170;Vrapice;212652;Vrapick·;Ë.p.;29;;;27203;760298.44;1031710.83;2013-11-29T00:00:00
1387901;532053;Kladno;;;;;65170;Vrapice;210391;Na Ludmile;Ë.p.;38;;;27203;760774.44;1031116.88;2018-12-05T00:00:00
1387979;532053;Kladno;;;;;65170;Vrapice;210455;Na VÌtku;Ë.p.;49;;;27203;759689.70;1031565.95;2013-11-29T00:00:00
1388061;532053;Kladno;;;;;65170;Vrapice;208388;DruûstevnÌ;Ë.p.;59;;;27203;759636.50;1031630.52;2013-11-29T00:00:00
1388088;532053;Kladno;;;;;65170;Vrapice;212067;V zahr·dk·ch;Ë.p.;61;;;27203;759526.13;1031596.92;2013-11-29T00:00:00
1388169;532053;Kladno;;;;;65170;Vrapice;211605;Stromov·;Ë.p.;69;;;27203;759464.76;1031603.10;2013-11-29T00:00:00
1388282;532053;Kladno;;;;;65170;Vrapice;211974;U zbrojnice;Ë.p.;81;;;27203;759800.13;1031567.66;2013-11-29T00:00:00
1388533;532053;Kladno;;;;;65170;Vrapice;1810898;V·clava »ernÈho;Ë.p.;109;;;27203;759381.31;1032017.81;2016-04-29T00:00:00
1388711;532053;Kladno;;;;;401994;Kladno;212661;Z·duönÌ;Ë.p.;1;;;27201;764536.68;1033181.84;2013-11-29T00:00:00
1388720;532053;Kladno;;;;;401994;Kladno;210943;n·mÏstÌ starosty Pavla;Ë.p.;2;;;27201;764484.31;1033278.13;2024-08-30T00:00:00
1388746;532053;Kladno;;;;;401994;Kladno;210943;n·mÏstÌ starosty Pavla;Ë.p.;4;;;27201;764524.67;1033319.79;2013-11-29T00:00:00
1388754;532053;Kladno;;;;;401994;Kladno;210943;n·mÏstÌ starosty Pavla;Ë.p.;5;;;27201;764505.10;1033327.59;2013-11-29T00:00:00
1388762;532053;Kladno;;;;;401994;Kladno;210943;n·mÏstÌ starosty Pavla;Ë.p.;6;;;27201;764481.40;1033343.63;2013-11-29T00:00:00
1388771;532053;Kladno;;;;;401994;Kladno;212571;T. G. Masaryka;Ë.p.;7;;;27201;764479.95;1033353.81;2013-11-29T00:00:00
1388789;532053;Kladno;;;;;401994;Kladno;208302;Cyrila Boudy;Ë.p.;8;;;27201;764668.24;1034147.67;2013-11-29T00:00:00
1388797;532053;Kladno;;;;;401994;Kladno;210943;n·mÏstÌ starosty Pavla;Ë.p.;9;;;27201;764454.01;1033369.84;2013-11-29T00:00:00
1388801;532053;Kladno;;;;;401994;Kladno;210943;n·mÏstÌ starosty Pavla;Ë.p.;10;;;27201;764448.70;1033358.57;2013-11-29T00:00:00
1388819;532053;Kladno;;;;;401994;Kladno;210897;plk. St¯ÌbrnÈho;Ë.p.;11;;;27201;764438.53;1033374.13;2013-11-29T00:00:00
1388835;532053;Kladno;;;;;401994;Kladno;210943;n·mÏstÌ starosty Pavla;Ë.p.;13;;;27201;764488.45;1033315.98;2013-11-29T00:00:00
1388843;532053;Kladno;;;;;401994;Kladno;210943;n·mÏstÌ starosty Pavla;Ë.p.;14;;;27201;764419.15;1033354.04;2013-11-29T00:00:00
1388851;532053;Kladno;;;;;401994;Kladno;210943;n·mÏstÌ starosty Pavla;Ë.p.;15;;;27201;764399.86;1033353.30;2013-11-29T00:00:00
1388860;532053;Kladno;;;;;401994;Kladno;210943;n·mÏstÌ starosty Pavla;Ë.p.;16;;;27201;764388.30;1033355.39;2013-11-29T00:00:00
1388878;532053;Kladno;;;;;401994;Kladno;210943;n·mÏstÌ starosty Pavla;Ë.p.;17;;;27201;764378.55;1033345.00;2013-11-29T00:00:00
1388886;532053;Kladno;;;;;401994;Kladno;208370;Dr. VrbenskÈho;Ë.p.;18;;;27201;764369.86;1033356.72;2013-11-29T00:00:00
1388894;532053;Kladno;;;;;401994;Kladno;208370;Dr. VrbenskÈho;Ë.p.;19;;;27201;764365.32;1033363.96;2013-11-29T00:00:00
1388908;532053;Kladno;;;;;401994;Kladno;208370;Dr. VrbenskÈho;Ë.p.;20;;;27201;764360.03;1033369.71;2013-11-29T00:00:00
1388924;532053;Kladno;;;;;401994;Kladno;208370;Dr. VrbenskÈho;Ë.p.;22;;;27201;764354.26;1033380.51;2013-11-29T00:00:00
1388941;532053;Kladno;;;;;401994;Kladno;208370;Dr. VrbenskÈho;Ë.p.;24;;;27201;764344.65;1033414.29;2016-06-28T00:00:00
1388959;532053;Kladno;;;;;401994;Kladno;211010;PoötovnÌ n·mÏstÌ;Ë.p.;25;;;27201;764358.59;1033436.52;2013-11-29T00:00:00
1388967;532053;Kladno;;;;;401994;Kladno;211010;PoötovnÌ n·mÏstÌ;Ë.p.;26;;;27201;764372.52;1033441.96;2013-11-29T00:00:00
1388975;532053;Kladno;;;;;401994;Kladno;210331;KordaËova;Ë.p.;28;;;27204;766630.50;1033670.69;2013-11-29T00:00:00
1388983;532053;Kladno;;;;;401994;Kladno;210331;KordaËova;Ë.p.;29;;;27204;766610.25;1033675.44;2013-11-29T00:00:00
1388991;532053;Kladno;;;;;401994;Kladno;210331;KordaËova;Ë.p.;30;;;27204;766573.91;1033664.53;2013-11-29T00:00:00
1389009;532053;Kladno;;;;;401994;Kladno;208370;Dr. VrbenskÈho;Ë.p.;31;;;27201;764329.06;1033400.10;2013-11-29T00:00:00
1389068;532053;Kladno;;;;;401994;Kladno;208566;Fr. Kloze;Ë.p.;37;;;27201;765453.89;1033978.16;2013-11-29T00:00:00
1389092;532053;Kladno;;;;;401994;Kladno;208728;Hajnova;Ë.p.;40;;;27201;764377.47;1033318.03;2013-11-29T00:00:00
1389203;532053;Kladno;;;;;401994;Kladno;212229;VaöÌËkova;Ë.p.;51;;;27204;766873.69;1033518.77;2013-11-29T00:00:00
1389246;532053;Kladno;;;;;401994;Kladno;211818;ÿÌmsk·;Ë.p.;55;;;27204;766600.08;1033521.85;2013-11-29T00:00:00
1389297;532053;Kladno;;;;;401994;Kladno;208965;Ivana Olbrachta;Ë.p.;60;;;27201;764456.73;1033398.06;2013-11-29T00:00:00
1389343;532053;Kladno;;;;;401994;Kladno;209643;Huùsk·;Ë.p.;65;;;27201;763679.20;1032981.89;2024-08-30T00:00:00
1389378;532053;Kladno;;;;;401994;Kladno;209627;KomenskÈho;Ë.p.;68;;;27201;764721.31;1033473.35;2013-11-29T00:00:00
1389386;532053;Kladno;;;;;401994;Kladno;212563;éelez·rensk·;Ë.p.;69;;;27201;764072.06;1032907.16;2013-11-29T00:00:00
1389416;532053;Kladno;;;;;401994;Kladno;210439;Na str·ni;Ë.p.;73;;;27201;765120.64;1033351.86;2013-11-29T00:00:00
1389432;532053;Kladno;;;;;401994;Kladno;208078;Braunova;Ë.p.;75;;;27201;765388.17;1032785.51;2013-11-29T00:00:00
1389556;532053;Kladno;;;;;401994;Kladno;211591;Star·;Ë.p.;87;;;27201;764485.01;1033428.21;2013-11-29T00:00:00
1389637;532053;Kladno;;;;;401994;Kladno;208752;HavÌ¯sk·;Ë.p.;95;;;27201;764712.49;1033399.33;2013-11-29T00:00:00
1389718;532053;Kladno;;;;;401994;Kladno;738565;Flori·nskÈ n·mÏstÌ;Ë.p.;103;;;27201;764597.74;1033376.05;2013-11-29T00:00:00
1389777;532053;Kladno;;;;;401994;Kladno;211427;Sl·nsk·;Ë.p.;110;;;27201;764402.08;1033151.91;2013-11-29T00:00:00
1413856;532053;Kladno;;;;;402001;KroËehlavy;210757;Milady Hor·kovÈ;Ë.p.;2;;;27201;763515.28;1034145.94;2019-11-22T00:00:00
1413872;532053;Kladno;;;;;402001;KroËehlavy;209988;Lipov·;Ë.p.;4;;;27201;763431.61;1034039.72;2013-11-29T00:00:00
1413881;532053;Kladno;;;;;402001;KroËehlavy;212466;Za n·draûÌm;Ë.p.;5;;;27201;763828.34;1036115.48;2013-11-29T00:00:00
1413899;532053;Kladno;;;;;402001;KroËehlavy;209988;Lipov·;Ë.p.;6;;;27201;763390.98;1034057.59;2021-03-03T00:00:00
1413902;532053;Kladno;;;;;402001;KroËehlavy;208353;Dr. Steinera;Ë.p.;7;;;27201;763068.39;1033870.96;2013-11-29T00:00:00
1413911;532053;Kladno;;;;;402001;KroËehlavy;211991;Unhoöùsk·;Ë.p.;8;;;27201;763345.08;1034038.79;2021-03-03T00:00:00
1413929;532053;Kladno;;;;;402001;KroËehlavy;208353;Dr. Steinera;Ë.p.;9;;;27201;763318.98;1034028.86;2013-11-29T00:00:00
1413937;532053;Kladno;;;;;402001;KroËehlavy;208353;Dr. Steinera;Ë.p.;10;;;27201;763345.65;1034010.07;2013-11-29T00:00:00
1413945;532053;Kladno;;;;;402001;KroËehlavy;209716;Kozinova;Ë.p.;11;;;27201;763298.74;1034024.36;2013-11-29T00:00:00
1413953;532053;Kladno;;;;;402001;KroËehlavy;209716;Kozinova;Ë.p.;12;;;27201;763286.91;1034047.01;2013-11-29T00:00:00
1413961;532053;Kladno;;;;;402001;KroËehlavy;209716;Kozinova;Ë.p.;13;;;27201;763282.60;1034006.08;2013-11-29T00:00:00
1413970;532053;Kladno;;;;;402001;KroËehlavy;208353;Dr. Steinera;Ë.p.;14;;;27201;763210.91;1033951.47;2013-11-29T00:00:00
1413988;532053;Kladno;;;;;402001;KroËehlavy;208353;Dr. Steinera;Ë.p.;15;;;27201;763191.99;1033944.99;2013-11-29T00:00:00
1413996;532053;Kladno;;;;;402001;KroËehlavy;208353;Dr. Steinera;Ë.p.;16;;;27201;763152.90;1033938.36;2013-11-29T00:00:00
1414003;532053;Kladno;;;;;402001;KroËehlavy;208353;Dr. Steinera;Ë.p.;17;;;27201;763132.09;1033936.23;2013-11-29T00:00:00
1414011;532053;Kladno;;;;;402001;KroËehlavy;208353;Dr. Steinera;Ë.p.;18;;;27201;763125.65;1033867.05;2013-11-29T00:00:00
1414020;532053;Kladno;;;;;402001;KroËehlavy;208353;Dr. Steinera;Ë.p.;19;;;27201;763077.32;1033910.31;2013-11-29T00:00:00
1414038;532053;Kladno;;;;;402001;KroËehlavy;211991;Unhoöùsk·;Ë.p.;20;;;27201;763215.48;1034342.46;2013-11-29T00:00:00
1414046;532053;Kladno;;;;;402001;KroËehlavy;208353;Dr. Steinera;Ë.p.;21;;;27201;763056.91;1033862.48;2013-11-29T00:00:00
1414054;532053;Kladno;;;;;402001;KroËehlavy;208353;Dr. Steinera;Ë.p.;22;;;27201;763170.30;1033941.12;2013-11-29T00:00:00
1414089;532053;Kladno;;;;;402001;KroËehlavy;208353;Dr. Steinera;Ë.p.;25;;;27201;763099.52;1033938.76;2026-05-17T00:00:00
1414097;532053;Kladno;;;;;402001;KroËehlavy;210757;Milady Hor·kovÈ;Ë.p.;26;;;27201;764178.70;1035480.25;2013-11-29T00:00:00
1414101;532053;Kladno;;;;;402001;KroËehlavy;208353;Dr. Steinera;Ë.p.;27;;;27201;763184.76;1033968.53;2013-11-29T00:00:00
1414119;532053;Kladno;;;;;402001;KroËehlavy;211923;Belgick·;Ë.p.;28;;;27201;764034.67;1036253.56;2013-11-29T00:00:00
1414127;532053;Kladno;;;;;402001;KroËehlavy;209988;Lipov·;Ë.p.;29;;;27201;763420.70;1034034.38;2013-11-29T00:00:00
1414135;532053;Kladno;;;;;402001;KroËehlavy;210757;Milady Hor·kovÈ;Ë.p.;30;;;27201;763659.58;1034270.61;2013-11-29T00:00:00
1414160;532053;Kladno;;;;;402001;KroËehlavy;208507;Dlouh·;Ë.p.;33;;;27201;763934.79;1034068.40;2013-11-29T00:00:00
1414232;532053;Kladno;;;;;402001;KroËehlavy;209538;Karlova;Ë.p.;40;;;27201;763207.74;1033971.67;2013-11-29T00:00:00
1414241;532053;Kladno;;;;;402001;KroËehlavy;210579;KroËehlavsk·;Ë.p.;41;;;27201;763112.12;1033821.71;2013-11-29T00:00:00
1414330;532053;Kladno;;;;;402001;KroËehlavy;209651;Italsk·;Ë.p.;50;;;27201;763727.52;1035163.42;2016-04-08T00:00:00
1414348;532053;Kladno;;;;;402001;KroËehlavy;208272;DÏlnick·;Ë.p.;51;;;27201;763290.33;1033786.20;2013-11-29T00:00:00
1414356;532053;Kladno;;;;;402001;KroËehlavy;210790;P. HolÈho;Ë.p.;52;;;27201;763270.99;1033785.25;2013-11-29T00:00:00
1414470;532053;Kladno;;;;;402001;KroËehlavy;210056;M. MajerovÈ;Ë.p.;64;;;27201;763113.77;1033787.64;2022-12-13T00:00:00
1414615;532053;Kladno;;;;;402001;KroËehlavy;208655;F¸gnerova;Ë.p.;78;;;27201;763500.65;1033845.42;2013-11-29T00:00:00
1414909;532053;Kladno;;;;;402001;KroËehlavy;209198;Jeron˝mova;Ë.p.;107;;;27201;763139.20;1033704.31;2013-11-29T00:00:00
1415069;532053;Kladno;;;;;402001;KroËehlavy;211214;Riegrova;Ë.p.;123;;;27201;763370.88;1034105.09;2013-11-29T00:00:00
1415077;532053;Kladno;;;;;402001;KroËehlavy;211851;Trojanova;Ë.p.;124;;;27201;763326.06;1034078.59;2025-08-27T00:00:00
1415107;532053;Kladno;;;;;402001;KroËehlavy;211346;Rycht·¯sk·;Ë.p.;127;;;27201;763398.48;1034138.27;2013-11-29T00:00:00
1415280;532053;Kladno;;;;;402001;KroËehlavy;212032;⁄zk·;Ë.p.;145;;;27201;763531.72;1033743.86;2013-11-29T00:00:00
1415573;532053;Kladno;;;;;402001;KroËehlavy;2164655;Nad V·penkami;Ë.p.;174;;;27201;763304.75;1033655.16;2017-11-03T00:00:00
1442112;532053;Kladno;;;;;402010;RozdÏlov;210536;n·m. Jana Opletala;Ë.p.;1;;;27204;767218.60;1034096.97;2013-11-29T00:00:00
1442121;532053;Kladno;;;;;402010;RozdÏlov;210536;n·m. Jana Opletala;Ë.p.;2;;;27204;767211.88;1034163.42;2013-11-29T00:00:00
1442139;532053;Kladno;;;;;402010;RozdÏlov;210536;n·m. Jana Opletala;Ë.p.;3;;;27204;767240.00;1034140.40;2013-11-29T00:00:00
1442147;532053;Kladno;;;;;402010;RozdÏlov;210536;n·m. Jana Opletala;Ë.p.;4;;;27204;767249.27;1034134.95;2013-11-29T00:00:00
1442155;532053;Kladno;;;;;402010;RozdÏlov;210536;n·m. Jana Opletala;Ë.p.;5;;;27204;767296.23;1034103.11;2013-11-29T00:00:00
1442163;532053;Kladno;;;;;402010;RozdÏlov;210536;n·m. Jana Opletala;Ë.p.;6;;;27204;767321.74;1034082.03;2013-11-29T00:00:00
1442171;532053;Kladno;;;;;402010;RozdÏlov;210536;n·m. Jana Opletala;Ë.p.;7;;;27204;767303.23;1034042.31;2013-11-29T00:00:00
1442180;532053;Kladno;;;;;402010;RozdÏlov;209121;Jar. Kej¯e;Ë.p.;8;;;27204;767203.94;1033977.12;2013-11-29T00:00:00
1442198;532053;Kladno;;;;;402010;RozdÏlov;210536;n·m. Jana Opletala;Ë.p.;9;;;27204;767233.20;1034081.19;2013-11-29T00:00:00
1442201;532053;Kladno;;;;;402010;RozdÏlov;210536;n·m. Jana Opletala;Ë.p.;10;;;27204;767207.92;1034107.74;2013-11-29T00:00:00
1442210;532053;Kladno;;;;;402010;RozdÏlov;208663;Dobersk·;Ë.p.;11;;;27204;767039.17;1033991.77;2013-11-29T00:00:00
1442228;532053;Kladno;;;;;402010;RozdÏlov;208663;Dobersk·;Ë.p.;12;;;27204;767081.84;1034161.03;2013-11-29T00:00:00
1442236;532053;Kladno;;;;;402010;RozdÏlov;208663;Dobersk·;Ë.p.;13;;;27204;767081.59;1034129.27;2013-11-29T00:00:00
1442244;532053;Kladno;;;;;402010;RozdÏlov;208663;Dobersk·;Ë.p.;14;;;27204;767099.67;1034129.49;2013-11-29T00:00:00
1442252;532053;Kladno;;;;;402010;RozdÏlov;208663;Dobersk·;Ë.p.;15;;;27204;767066.54;1034090.90;2013-11-29T00:00:00
1442261;532053;Kladno;;;;;402010;RozdÏlov;208663;Dobersk·;Ë.p.;16;;;27204;767045.83;1034062.71;2013-11-29T00:00:00
1442279;532053;Kladno;;;;;402010;RozdÏlov;208663;Dobersk·;Ë.p.;17;;;27204;767019.56;1034021.18;2013-11-29T00:00:00
1442287;532053;Kladno;;;;;402010;RozdÏlov;208663;Dobersk·;Ë.p.;18;;;27204;766997.22;1033979.48;2013-11-29T00:00:00
1442295;532053;Kladno;;;;;402010;RozdÏlov;208663;Dobersk·;Ë.p.;19;;;27204;766986.33;1033933.43;2013-11-29T00:00:00
1442309;532053;Kladno;;;;;402010;RozdÏlov;208663;Dobersk·;Ë.p.;20;;;27204;766956.52;1033887.46;2013-11-29T00:00:00
1442317;532053;Kladno;;;;;402010;RozdÏlov;208451;Em. Zahr·dky;Ë.p.;21;;;27204;767067.00;1033454.60;2013-11-29T00:00:00
1442333;532053;Kladno;;;;;402010;RozdÏlov;210536;n·m. Jana Opletala;Ë.p.;23;;;27204;767187.79;1034181.36;2023-10-27T00:00:00
1442341;532053;Kladno;;;;;402010;RozdÏlov;210536;n·m. Jana Opletala;Ë.p.;24;;;27204;767301.87;1034090.28;2013-11-29T00:00:00
1442350;532053;Kladno;;;;;402010;RozdÏlov;208558;Fr. Hamouze;Ë.p.;25;;;27204;767123.70;1034136.88;2013-11-29T00:00:00
1442368;532053;Kladno;;;;;402010;RozdÏlov;210536;n·m. Jana Opletala;Ë.p.;26;;;27204;767202.34;1034170.77;2013-11-29T00:00:00
1442384;532053;Kladno;;;;;402010;RozdÏlov;210536;n·m. Jana Opletala;Ë.p.;28;;;27204;767197.52;1034174.98;2013-11-29T00:00:00
1442511;532053;Kladno;;;;;402010;RozdÏlov;212245;V·clava Milera;Ë.p.;41;;;27204;767073.33;1034105.96;2013-11-29T00:00:00
1442520;532053;Kladno;;;;;402010;RozdÏlov;209295;Jos. Fremla;Ë.p.;42;;;27204;767118.98;1034180.10;2013-11-29T00:00:00
1442619;532053;Kladno;;;;;402010;RozdÏlov;208256;»SD-str·ûnÌ domek;Ë.p.;51;;;27204;767643.25;1034277.49;2013-11-29T00:00:00
1442694;532053;Kladno;;;;;402010;RozdÏlov;2090384;K RacandÏ;Ë.p.;59;;;27204;767248.01;1034023.68;2017-06-27T00:00:00
1442716;532053;Kladno;;;;;402010;RozdÏlov;212105;ätef·nikova;Ë.p.;61;;;27204;766991.60;1033844.71;2013-11-29T00:00:00
1442741;532053;Kladno;;;;;402010;RozdÏlov;209864;Lap·k;Ë.p.;64;;;27204;767115.24;1034917.36;2013-11-29T00:00:00
1442759;532053;Kladno;;;;;402010;RozdÏlov;212547;Zeyerova;Ë.p.;65;;;27204;767061.47;1034082.19;2013-11-29T00:00:00
1442830;532053;Kladno;;;;;402010;RozdÏlov;210668;Ol. Holcmana;Ë.p.;73;;;27204;767247.44;1034003.63;2013-11-29T00:00:00
1443224;532053;Kladno;;;;;402010;RozdÏlov;211451;SmeËensk·;Ë.p.;112;;;27204;767682.47;1033262.81;2013-11-29T00:00:00
1443364;532053;Kladno;;;;;402010;RozdÏlov;211575;Stan. Strnada;Ë.p.;126;;;27204;767128.72;1033880.13;2013-11-29T00:00:00
1444034;532053;Kladno;;;;;402010;RozdÏlov;209678;Ko¯enskÈho;Ë.p.;193;;;27204;766855.60;1033688.46;2013-11-29T00:00:00
1444085;532053;Kladno;;;;;402010;RozdÏlov;208574;Fr. KosÌka;Ë.p.;198;;;27204;767312.22;1033919.23;2013-11-29T00:00:00
1444361;532053;Kladno;;;;;402010;RozdÏlov;208124;B¯Ì Ryb·¯˘;Ë.p.;226;;;27204;767360.98;1033898.71;2013-11-29T00:00:00
1444395;532053;Kladno;;;;;402010;RozdÏlov;207845;Ant. Fouska;Ë.p.;229;;;27204;767415.72;1033927.18;2013-11-29T00:00:00
1450972;532053;Kladno;;;;;402028;ävermov;212431;Vyöehrad;Ë.p.;1;;;27309;764201.82;1030875.64;2013-11-29T00:00:00
1450981;532053;Kladno;;;;;402028;ävermov;212431;Vyöehrad;Ë.p.;2;;;27309;764229.67;1030834.25;2013-11-29T00:00:00
1450999;532053;Kladno;;;;;402028;ävermov;212431;Vyöehrad;Ë.p.;3;;;27309;764200.74;1030845.42;2013-11-29T00:00:00
1451006;532053;Kladno;;;;;402028;ävermov;212431;Vyöehrad;Ë.p.;4;;;27309;764179.58;1030843.03;2013-11-29T00:00:00
1451014;532053;Kladno;;;;;402028;ävermov;212431;Vyöehrad;Ë.p.;5;;;27309;764149.18;1030816.74;2013-11-29T00:00:00
1451022;532053;Kladno;;;;;402028;ävermov;212334;Vina¯ick·;Ë.p.;6;;;27309;764082.25;1030818.01;2013-11-29T00:00:00
1451031;532053;Kladno;;;;;402028;ävermov;212334;Vina¯ick·;Ë.p.;7;;;27309;764062.43;1030863.31;2013-11-29T00:00:00
1451049;532053;Kladno;;;;;402028;ävermov;208922;Husova;Ë.p.;8;;;27309;764075.88;1030906.25;2023-09-18T00:00:00
1451057;532053;Kladno;;;;;402028;ävermov;212334;Vina¯ick·;Ë.p.;9;;;27309;764110.52;1030876.80;2014-12-03T00:00:00
1451065;532053;Kladno;;;;;402028;ävermov;212431;Vyöehrad;Ë.p.;10;;;27309;764133.21;1030863.33;2013-11-29T00:00:00
1451073;532053;Kladno;;;;;402028;ävermov;212431;Vyöehrad;Ë.p.;11;;;27309;764160.54;1030874.12;2025-01-03T00:00:00
1451081;532053;Kladno;;;;;402028;ävermov;212431;Vyöehrad;Ë.p.;12;;;27309;764221.79;1030917.62;2013-11-29T00:00:00
1451090;532053;Kladno;;;;;402028;ävermov;212431;Vyöehrad;Ë.p.;13;;;27309;764242.35;1030922.33;2013-11-29T00:00:00
1451103;532053;Kladno;;;;;402028;ävermov;212431;Vyöehrad;Ë.p.;14;;;27309;764240.00;1030904.30;2013-11-29T00:00:00
1451111;532053;Kladno;;;;;402028;ävermov;212334;Vina¯ick·;Ë.p.;15;;;27309;764077.19;1030857.23;2013-11-29T00:00:00
1451120;532053;Kladno;;;;;402028;ävermov;212431;Vyöehrad;Ë.p.;16;;;27309;764258.06;1030922.90;2013-11-29T00:00:00
1451138;532053;Kladno;;;;;402028;ävermov;212431;Vyöehrad;Ë.p.;17;;;27309;764229.27;1030868.07;2013-11-29T00:00:00
1451146;532053;Kladno;;;;;402028;ävermov;212431;Vyöehrad;Ë.p.;18;;;27309;764206.16;1030891.93;2013-11-29T00:00:00
1451154;532053;Kladno;;;;;402028;ävermov;212431;Vyöehrad;Ë.p.;19;;;27309;764166.38;1030914.37;2013-11-29T00:00:00
1451162;532053;Kladno;;;;;402028;ävermov;208922;Husova;Ë.p.;20;;;27309;764105.87;1030919.36;2013-11-29T00:00:00
1451171;532053;Kladno;;;;;402028;ävermov;208922;Husova;Ë.p.;21;;;27309;764044.47;1030887.26;2026-07-21T00:00:00
1451189;532053;Kladno;;;;;402028;ävermov;210404;Na Ostrovci;Ë.p.;22;;;27309;763783.96;1030742.75;2013-11-29T00:00:00
1451197;532053;Kladno;;;;;402028;ävermov;212431;Vyöehrad;Ë.p.;23;;;27309;764152.21;1030903.73;2013-11-29T00:00:00
1451201;532053;Kladno;;;;;402028;ävermov;208922;Husova;Ë.p.;24;;;27309;764085.41;1030904.95;2013-11-29T00:00:00
1451219;532053;Kladno;;;;;402028;ävermov;212334;Vina¯ick·;Ë.p.;25;;;27309;764049.95;1030858.26;2013-11-29T00:00:00
1451227;532053;Kladno;;;;;402028;ävermov;208922;Husova;Ë.p.;26;;;27309;764033.06;1030874.90;2013-11-29T00:00:00
1451286;532053;Kladno;;;;;402028;ävermov;210013;Jar. Seiferta;Ë.p.;32;;;27309;763598.51;1031631.64;2013-11-29T00:00:00
1451324;532053;Kladno;;;;;402028;ävermov;212636;éiûkova;Ë.p.;36;;;27309;763993.35;1030894.83;2013-11-29T00:00:00
1451332;532053;Kladno;;;;;402028;ävermov;211087;P¯emyslova;Ë.p.;37;;;27309;763972.84;1030878.14;2013-11-29T00:00:00
1451472;532053;Kladno;;;;;402028;ävermov;1810545;Svaûit·;Ë.p.;51;;;27309;763931.40;1030889.73;2016-05-02T00:00:00
1451502;532053;Kladno;;;;;402028;ävermov;211516;Sokolsk·;Ë.p.;54;;;27309;763916.53;1030910.00;2013-11-29T00:00:00
1451545;532053;Kladno;;;;;402028;ävermov;210366;Na homolce;Ë.p.;58;;;27309;763884.01;1030855.01;2013-11-29T00:00:00
1451642;532053;Kladno;;;;;402028;ävermov;211435;Slep·;Ë.p.;68;;;27309;763842.30;1030864.40;2013-11-29T00:00:00
1451723;532053;Kladno;;;;;402028;ävermov;207781;28. ¯Ìjna;Ë.p.;76;;;27309;763809.93;1030923.53;2013-11-29T00:00:00
1451731;532053;Kladno;;;;;402028;ävermov;212237;V·clava Ber·nka;Ë.p.;77;;;27309;763812.54;1030940.15;2013-11-29T00:00:00
1451791;532053;Kladno;;;;;402028;ävermov;210803;PalackÈho;Ë.p.;83;;;27309;763820.67;1030980.67;2013-11-29T00:00:00
1451995;532053;Kladno;;;;;402028;ävermov;210358;Na Dunderce;Ë.p.;103;;;27309;763826.87;1030835.89;2013-11-29T00:00:00
1452070;532053;Kladno;;;;;402028;ävermov;209341;Josefa Drmly;Ë.p.;111;;;27309;764069.75;1030941.38;2013-11-29T00:00:00
1452126;532053;Kladno;;;;;402028;ävermov;212016;SvojsÌkova;Ë.p.;116;;;27309;764567.47;1031259.39;2013-11-29T00:00:00
1452151;532053;Kladno;;;;;402028;ävermov;2015862;Ladislava Nov·ka;Ë.p.;119;;;27309;764053.95;1030934.24;2017-03-28T00:00:00
40052095;532053;Kladno;;;;;65170;Vrapice;;;Ë.ev.;1402;;;27203;760673.63;1031896.40;2023-05-21T00:00:00
42577543;532053;Kladno;;;;;65170;Vrapice;1025431;Na Feruli;Ë.p.;131;;;27203;759627.80;1031489.05;2013-11-29T00:00:00
76997171;532053;Kladno;;;;;65170;Vrapice;1943707;HornÌ;Ë.p.;137;;;27203;759637.34;1031447.75;2017-06-29T00:00:00
1383141;532053;Kladno;;;;;65161;DubÌ;212652;Vrapick·;Ë.p.;392;;;27203;761457.89;1032141.29;2013-11-29T00:00:00
1383159;532053;Kladno;;;;;65161;DubÌ;212652;Vrapick·;Ë.p.;393;;;27203;761062.92;1032077.98;2013-11-29T00:00:00
1383167;532053;Kladno;;;;;65161;DubÌ;212652;Vrapick·;Ë.p.;394;;;27203;761071.03;1032064.66;2013-11-29T00:00:00
1393952;532053;Kladno;;;;;401994;Kladno;209511;Karla Tomana;Ë.p.;823;;;27204;766517.23;1033206.69;2013-11-29T00:00:00
1393961;532053;Kladno;;;;;401994;Kladno;209511;Karla Tomana;Ë.p.;824;;;27204;766534.88;1033203.06;2013-11-29T00:00:00
1393979;532053;Kladno;;;;;401994;Kladno;209511;Karla Tomana;Ë.p.;825;;;27204;766552.81;1033198.81;2013-11-29T00:00:00
1394088;532053;Kladno;;;;;401994;Kladno;210218;Ml·deûnick·;Ë.p.;836;;;27204;766500.21;1033266.74;2021-07-01T00:00:00
1394096;532053;Kladno;;;;;401994;Kladno;210218;Ml·deûnick·;Ë.p.;837;;;27204;766486.98;1033269.26;2021-07-01T00:00:00
1394100;532053;Kladno;;;;;401994;Kladno;210218;Ml·deûnick·;Ë.p.;838;;;27204;766509.44;1033253.25;2013-11-29T00:00:00
1395661;532053;Kladno;;;;;401994;Kladno;208248;»s. arm·dy;Ë.p.;1179;;;27201;765729.25;1033743.89;2013-11-29T00:00:00
1395670;532053;Kladno;;;;;401994;Kladno;208248;»s. arm·dy;Ë.p.;1180;;;27201;765751.58;1033754.72;2013-11-29T00:00:00
1395688;532053;Kladno;;;;;401994;Kladno;208248;»s. arm·dy;Ë.p.;1181;;;27201;765771.96;1033763.21;2013-11-29T00:00:00
1413856;532053;Kladno;;;;;402001;KroËehlavy;210757;Milady Hor·kovÈ;Ë.p.;2;;;27201;763515.28;1034145.94;2019-11-22T00:00:00
1414097;532053;Kladno;;;;;402001;KroËehlavy;210757;Milady Hor·kovÈ;Ë.p.;26;;;27201;764178.70;1035480.25;2013-11-29T00:00:00
1414135;532053;Kladno;;;;;402001;KroËehlavy;210757;Milady Hor·kovÈ;Ë.p.;30;;;27201;763659.58;1034270.61;2013-11-29T00:00:00
1439707;532053;Kladno;;;;;402001;KroËehlavy;208906;H¯ebeËsk·;Ë.p.;2591;;;27201;762293.94;1035107.56;2013-11-29T00:00:00
1439715;532053;Kladno;;;;;402001;KroËehlavy;208906;H¯ebeËsk·;Ë.p.;2592;;;27201;762295.44;1035088.00;2013-11-29T00:00:00
1439723;532053;Kladno;;;;;402001;KroËehlavy;208906;H¯ebeËsk·;Ë.p.;2593;;;27201;762296.50;1035070.44;2013-11-29T00:00:00
1443224;532053;Kladno;;;;;402010;RozdÏlov;211451;SmeËensk·;Ë.p.;112;;;27204;767682.47;1033262.81;2013-11-29T00:00:00
1443321;532053;Kladno;;;;;402010;RozdÏlov;211451;SmeËensk·;Ë.p.;122;;;27204;767677.31;1033270.50;2013-11-29T00:00:00
1443682;532053;Kladno;;;;;402010;RozdÏlov;211451;SmeËensk·;Ë.p.;158;;;27204;767668.33;1033286.62;2013-11-29T00:00:00
1392930;532053;Kladno;;;;;401994;Kladno;209007;J. Hory;Ë.p.;671;;;27201;764464.87;1034163.01;2013-11-29T00:00:00
1393219;532053;Kladno;;;;;401994;Kladno;209007;J. Hory;Ë.p.;720;;;27201;764261.87;1033760.18;2013-11-29T00:00:00
1393341;532053;Kladno;;;;;401994;Kladno;212369;VÌt. Nezvala;Ë.p.;748;;;27204;766594.97;1033117.05;2013-11-29T00:00:00
1393359;532053;Kladno;;;;;401994;Kladno;212369;VÌt. Nezvala;Ë.p.;749;;;27204;766613.25;1033114.06;2013-11-29T00:00:00
1393367;532053;Kladno;;;;;401994;Kladno;212369;VÌt. Nezvala;Ë.p.;750;;;27204;766632.50;1033111.88;2013-11-29T00:00:00
1394797;532053;Kladno;;;;;401994;Kladno;209007;J. Hory;Ë.p.;938;;;27201;764243.40;1033978.96;2013-11-29T00:00:00
1451286;532053;Kladno;;;;;402028;ävermov;210013;Jar. Seiferta;Ë.p.;32;;;27309;763598.51;1031631.64;2013-11-29T00:00:00
1452118;532053;Kladno;;;;;402028;ävermov;210013;Jar. Seiferta;Ë.p.;115;;;27309;764682.41;1031406.74;2013-11-29T00:00:00
1455699;532053;Kladno;;;;;402028;ävermov;210013;Jar. Seiferta;Ë.p.;473;;;27309;763950.98;1031494.46;2013-11-29T00:00:00
